FirstName,LastName,Usernam,Email,Address,Phone
-,-,mw34,1234@gasd.co,-,-
-,-,2j2j,1j1j@m.com,-,-
-,-,lolo,1o1o@m.com,-,-
-,-,2342423,234234@j.com,-,-
-,-,sdf234,23jdsf@mi.com,-,-
-,-,23r2f23f,23r23@sdfmi.com,-,-
-,-,23f23r2,2f22@sdf2.vom,-,-
-,-,2j2jdsf,2j2j@md.com,-,-
-,-,3h3h,7h7h@m.com,-,-
-,-,america,america@mail.com,-,-
-,-,ammy2,amy2@gmail.com,-,-
-,-,anderson,anderson@maill.com,-,-
-,-,austra,austra@ma.com,-,-
-,-,bekcyt,beckt@ma.com,-,-
-,-,benjamin,benjamin@gmail.com,-,-
-,-,dsfsi223,blsdk@sdfm.com,-,-
-,-,dany,dany@mail.com,-,-
-,-,borisJ,demphry@gmail.com,-,-
-,-,dfs23rvs,dsf23@dsf.com,-,-
-,-,23fsd23f,dsfsdfs@sdf.com,-,-
-,-,emily1234,emily1234@mail.com,-,-
-,-,emily,emily@gmail.com,-,-
-,-,2h2311,f2h2h@ga.com,-,-
-,-,henry,henry@gmail.com,-,-
-,-,humpt,humpy@mai.com,-,-
-,-,india,india@mail.com,-,-
-,-,james1,james@mail.com,-,-
John,Wick,john1,john@mail.com,fdsdfdf,1234567890
katy,perry,katy2,katy@gmail.com,sdfsfsdfsfsfsdf,1234567890
-,-,mogli1,mogli@mail.com,-,-
-,-,dsf234dsf,qwerty@sdd.com,-,-
-,-,sampleUser,sample@mail.com,-,-
-,-,dsfhh,sddf@gmai.com,-,-
-,-,ssf223w,sds2df@sdf.com,-,-
-,-,234dfsdf,sdsdf@gsd.com,-,-
-,-,selena,selena@mail.com,-,-
-,-,23df23,sew@fsdf.com,-,-
Shelby,Ford,shelby2,shelby@mail.com,shelby ally,3456789023
-,-,sofia,sofia@mail.com,-,-
-,-,tomy1,tom@mail.com,-,-
-,-,trump,trump@gmail.com,-,-
-,-,newUser4,tttumb@gmail.com,-,-
-,-,newUser1,tuble@gmail.com,-,-
trini,ty,newUser5,tumbletut@gmail.com,dfssfsdf,1234567890
tom,ssdfsf,newUser3,twiddle@gmail.com,-,1234567890